session_dir,infra_error,missing_npcs,experiment_id,config_label,git_sha,builtin_subplans,goals_expected,goals_met,success,first_plan_success,t_success,duration_s,end_reason,llm_calls,llm_s,plan_requests,replans,ladder_advance,n_act,actions_failed,transforms_code,transforms_llm,plan_calls_to_ablated,ablated_loaded,manipulation_ok,primary_cause,signals,subplans_loaded,peer_requests_sent,peer_requests_accepted,peer_requests_refused,peer_transfers,peer_wait_timeouts,arbitrations,max_peer_depth,n_act_by_npc
logs\sessions\20260916\020808,False,,A1,SUB,a398488,True,1,1,True,True,22.681,26.005,idle,3,8.941,1,0,0,4,0,0,0,1,craft_item;move_to_and_pickup,True,,,0,0,0,0,0,0,0,0,{'npc_001': 4}
logs\sessions\20260916\020844,False,,A1,ATOM,a398488,False,1,1,True,True,26.393,30.564,idle,5,13.018,1,0,1,4,0,1,0,0,,True,,,0,0,0,0,0,0,0,0,{'npc_001': 4}
logs\sessions\20260916\020923,False,,A2,SUB,a398488,True,1,1,True,True,27.168,30.49,idle,3,8.991,1,0,0,8,0,0,0,1,craft_item;move_to_and_pickup,True,,,0,0,0,0,0,0,0,0,{'npc_001': 8}
logs\sessions\20260916\021001,False,,A2,ATOM,a398488,False,1,1,True,True,27.243,30.543,idle,5,13.004,1,0,3,8,0,1,0,0,,True,,,0,0,0,0,0,0,0,0,{'npc_001': 8}
logs\sessions\20260916\021042,False,,A3,SUB,a398488,True,1,1,True,True,36.746,41.102,idle,5,12.108,1,0,0,11,1,2,0,3,craft_item;move_to_and_pickup,True,,action_failures,0,0,0,0,0,0,0,0,{'npc_001': 11}
logs\sessions\20260916\021133,False,,A3,ATOM,a398488,False,1,1,True,False,56.572,60.864,idle,13,30.556,2,1,9,18,0,5,0,0,,True,,,0,0,0,0,0,0,0,0,{'npc_001': 18}
logs\sessions\20260916\021243,False,,A4,SUB,a398488,True,2,2,True,True,45.156,48.903,idle,7,20.132,2,0,0,10,0,1,0,5,craft_item;move_to_and_pickup,True,,,0,0,0,0,0,0,0,0,{'npc_001': 10}
logs\sessions\20260916\021340,False,,A4,ATOM,a398488,False,2,2,True,True,53.561,57.889,idle,11,27.721,2,0,4,10,0,3,0,0,,True,,,0,0,0,0,0,0,0,0,{'npc_001': 10}
logs\sessions\20260916\021448,False,,A5,SUB,a398488,True,1,1,True,False,87.777,90.827,idle,9,22.306,2,1,0,36,4,3,0,4,craft_item;move_to_and_pickup,True,,action_failures,0,0,0,0,0,0,0,0,{'npc_001': 36}
logs\sessions\20260916\021626,False,,A5,ATOM,a398488,False,1,1,True,False,131.21,135.01,idle,25,58.606,4,3,22,51,3,9,0,0,,True,,action_failures,0,0,0,0,0,0,0,0,{'npc_001': 51}
logs\sessions\20260916\021852,False,,A1,ATOM,a398488,False,1,1,True,True,26.401,30.598,idle,5,12.873,1,0,1,4,0,1,0,0,,True,,,0,0,0,0,0,0,0,0,{'npc_001': 4}
logs\sessions\20260916\021931,False,,A1,SUB,a398488,True,1,1,True,True,23.645,27.78,idle,3,8.972,1,0,0,4,0,0,0,1,craft_item;move_to_and_pickup,True,,,0,0,0,0,0,0,0,0,{'npc_001': 4}
logs\sessions\20260916\022007,False,,A2,ATOM,a398488,False,1,1,True,True,29.193,33.476,idle,5,12.943,1,0,3,8,0,1,0,0,,True,,,0,0,0,0,0,0,0,0,{'npc_001': 8}
logs\sessions\20260916\022050,False,,A2,SUB,a398488,True,1,1,True,True,24.585,29.027,idle,3,8.864,1,0,0,8,0,0,0,1,craft_item;move_to_and_pickup,True,,,0,0,0,0,0,0,0,0,{'npc_001': 8}
logs\sessions\20260916\022129,False,,A3,ATOM,a398488,False,1,0,False,False,,80.555,idle,25,53.933,4,3,16,32,0,12,0,0,,True,failed_after_replans:ladder_stuck,failed_after_replans:ladder_stuck,0,0,0,0,0,0,0,0,{'npc_001': 32}
logs\sessions\20260916\022301,False,,A3,SUB,a398488,True,1,1,True,True,39.34,42.612,idle,5,12.21,1,0,0,11,1,2,0,3,craft_item;move_to_and_pickup,True,,action_failures,0,0,0,0,0,0,0,0,{'npc_001': 11}
logs\sessions\20260916\022351,False,,A4,ATOM,a398488,False,2,2,True,True,52.373,56.441,idle,11,28.334,2,0,3,10,0,3,0,0,,True,,,0,0,0,0,0,0,0,0,{'npc_001': 10}
logs\sessions\20260916\022459,False,,A4,SUB,a398488,True,2,2,True,True,45.169,48.819,idle,7,20.019,2,0,0,10,0,2,0,4,craft_item;move_to_and_pickup,True,,,0,0,0,0,0,0,0,0,{'npc_001': 10}
logs\sessions\20260916\022556,False,,A5,ATOM,a398488,False,1,1,True,False,130.581,134.597,idle,19,45.988,3,2,27,56,0,8,0,0,,True,,,0,0,0,0,0,0,0,0,{'npc_001': 56}
logs\sessions\20260916\022822,False,,A5,SUB,a398488,True,1,1,True,False,117.773,121.332,idle,9,22.533,2,1,0,166,4,3,0,4,craft_item;move_to_and_pickup,True,,action_failures,0,0,0,0,0,0,0,0,{'npc_001': 166}
logs\sessions\20260916\023033,False,,A1,SUB,a398488,True,1,1,True,True,23.579,27.477,idle,3,9.065,1,0,0,4,0,0,0,1,craft_item;move_to_and_pickup,True,,,0,0,0,0,0,0,0,0,{'npc_001': 4}
logs\sessions\20260916\023108,False,,A1,ATOM,a398488,False,1,1,True,True,27.411,30.608,idle,5,13.063,1,0,1,4,0,1,0,0,,True,,,0,0,0,0,0,0,0,0,{'npc_001': 4}
logs\sessions\20260916\023147,False,,A2,SUB,a398488,True,1,1,True,True,22.798,25.952,idle,3,8.828,1,0,0,8,0,0,0,1,craft_item;move_to_and_pickup,True,,,0,0,0,0,0,0,0,0,{'npc_001': 8}
logs\sessions\20260916\023222,False,,A2,ATOM,a398488,False,1,1,True,False,36.256,39.537,idle,9,19.197,2,1,7,12,0,2,0,0,,True,,,0,0,0,0,0,0,0,0,{'npc_001': 12}
logs\sessions\20260916\023312,False,,A3,SUB,a398488,True,1,1,True,True,40.938,44.098,idle,5,12.086,1,0,0,11,1,2,0,3,craft_item;move_to_and_pickup,True,,action_failures,0,0,0,0,0,0,0,0,{'npc_001': 11}
logs\sessions\20260916\023406,False,,A3,ATOM,a398488,False,1,1,True,True,41.951,45.635,idle,7,16.022,1,0,7,14,0,3,0,0,,True,,,0,0,0,0,0,0,0,0,{'npc_001': 14}
logs\sessions\20260916\023459,False,,A4,SUB,a398488,True,2,2,True,True,45.751,50.135,idle,7,20.182,2,0,0,10,0,1,0,5,craft_item;move_to_and_pickup,True,,,0,0,0,0,0,0,0,0,{'npc_001': 10}
logs\sessions\20260916\023601,False,,A4,ATOM,a398488,False,2,2,True,True,55.969,59.149,idle,11,27.93,2,0,4,10,0,3,0,0,,True,,,0,0,0,0,0,0,0,0,{'npc_001': 10}
logs\sessions\20260916\023710,False,,A5,SUB,a398488,True,1,1,True,False,90.789,93.873,idle,9,22.397,2,1,0,34,4,3,0,4,craft_item;move_to_and_pickup,True,,action_failures,0,0,0,0,0,0,0,0,{'npc_001': 34}
logs\sessions\20260916\023853,False,,A5,ATOM,a398488,False,1,1,True,False,102.376,106.021,idle,13,31.293,2,1,23,50,2,8,0,0,,True,,action_failures,0,0,0,0,0,0,0,0,{'npc_001': 50}
logs\sessions\20260916\024047,False,,A1,ATOM,a398488,False,1,1,True,True,26.409,30.641,idle,5,12.866,1,0,1,4,0,1,0,0,,True,,,0,0,0,0,0,0,0,0,{'npc_001': 4}
logs\sessions\20260916\024128,False,,A1,SUB,a398488,True,1,1,True,True,22.556,25.854,idle,3,8.964,1,0,0,4,0,0,0,1,craft_item;move_to_and_pickup,True,,,0,0,0,0,0,0,0,0,{'npc_001': 4}
logs\sessions\20260916\024204,False,,A2,ATOM,a398488,False,1,1,True,True,28.404,32.121,idle,5,12.881,1,0,3,8,0,1,0,0,,True,,,0,0,0,0,0,0,0,0,{'npc_001': 8}
logs\sessions\20260916\024245,False,,A2,SUB,a398488,True,1,1,True,True,26.01,30.436,idle,3,8.977,1,0,0,8,0,0,0,1,craft_item;move_to_and_pickup,True,,,0,0,0,0,0,0,0,0,{'npc_001': 8}
logs\sessions\20260916\024326,False,,A3,ATOM,a398488,False,1,0,False,False,,86.373,idle,25,55.727,4,3,13,28,3,10,0,0,,True,failed_after_replans:ladder_stuck,failed_after_replans:ladder_stuck;action_failures,0,0,0,0,0,0,0,0,{'npc_001': 28}
logs\sessions\20260916\024502,False,,A3,SUB,a398488,True,1,1,True,True,37.506,41.103,idle,5,12.115,1,0,0,11,1,2,0,3,craft_item;move_to_and_pickup,True,,action_failures,0,0,0,0,0,0,0,0,{'npc_001': 11}
logs\sessions\20260916\024555,False,,A4,ATOM,a398488,False,2,2,True,True,52.408,56.407,idle,11,27.973,2,0,4,10,0,3,0,0,,True,,,0,0,0,0,0,0,0,0,{'npc_001': 10}
logs\sessions\20260916\024700,False,,A4,SUB,a398488,True,2,2,True,True,46.537,50.094,idle,7,19.96,2,0,0,10,0,1,0,5,craft_item;move_to_and_pickup,True,,,0,0,0,0,0,0,0,0,{'npc_001': 10}
logs\sessions\20260916\024802,False,,A5,ATOM,a398488,False,1,0,False,False,,113.832,idle,25,51.139,4,3,30,53,2,13,0,0,,True,failed_after_replans:ladder_stuck,failed_after_replans:ladder_stuck;action_failures,0,0,0,0,0,0,0,0,{'npc_001': 53}
logs\sessions\20260916\025007,False,,A5,SUB,a398488,True,1,1,True,False,158.052,161.635,idle,9,22.343,2,1,0,386,4,3,0,4,craft_item;move_to_and_pickup,True,,action_failures,0,0,0,0,0,0,0,0,{'npc_001': 386}
logs\sessions\20260916\025300,False,,A1,SUB,a398488,True,1,1,True,True,22.193,25.843,idle,3,9.001,1,0,0,4,0,0,0,1,craft_item;move_to_and_pickup,True,,,0,0,0,0,0,0,0,0,{'npc_001': 4}
logs\sessions\20260916\025335,False,,A1,ATOM,a398488,False,1,1,True,True,27.197,30.524,idle,5,12.992,1,0,1,4,0,1,0,0,,True,,,0,0,0,0,0,0,0,0,{'npc_001': 4}
logs\sessions\20260916\025414,False,,A2,SUB,a398488,True,1,1,True,True,24.362,28.871,idle,3,8.937,1,0,0,8,0,0,0,1,craft_item;move_to_and_pickup,True,,,0,0,0,0,0,0,0,0,{'npc_001': 8}
logs\sessions\20260916\025453,False,,A2,ATOM,a398488,False,1,1,True,True,31.047,35.144,idle,5,12.89,1,0,3,8,0,1,0,0,,True,,,0,0,0,0,0,0,0,0,{'npc_001': 8}
logs\sessions\20260916\025539,False,,A3,SUB,a398488,True,1,1,True,True,38.763,42.569,idle,6,12.704,1,0,1,10,0,0,1,3,craft_item;move_to_and_pickup,True,,,0,0,0,0,0,0,0,0,{'npc_001': 10}
logs\sessions\20260916\025630,False,,A3,ATOM,a398488,False,1,1,True,False,96.439,100.25,idle,25,54.396,4,3,12,32,3,8,0,0,,True,,action_failures,0,0,0,0,0,0,0,0,{'npc_001': 32}
logs\sessions\20260916\025820,False,,A4,SUB,a398488,True,2,2,True,True,44.737,48.591,idle,7,20.054,2,0,0,10,0,1,0,5,craft_item;move_to_and_pickup,True,,,0,0,0,0,0,0,0,0,{'npc_001': 10}
logs\sessions\20260916\025916,False,,A4,ATOM,a398488,False,2,2,True,True,52.154,56.073,idle,11,28.079,2,0,4,10,0,4,0,0,,True,,,0,0,0,0,0,0,0,0,{'npc_001': 10}
logs\sessions\20260916\030024,False,,A5,SUB,a398488,True,1,1,True,False,85.362,89.542,idle,9,22.476,2,1,0,34,4,3,0,4,craft_item;move_to_and_pickup,True,,action_failures,0,0,0,0,0,0,0,0,{'npc_001': 34}
logs\sessions\20260916\030203,False,,A5,ATOM,a398488,False,1,1,True,False,109.577,113.527,idle,19,41.888,3,2,25,48,0,11,0,0,,True,,,0,0,0,0,0,0,0,0,{'npc_001': 48}
logs\sessions\20260916\030408,False,,A1,ATOM,a398488,False,1,1,True,False,33.379,37.906,idle,9,19.318,2,1,5,8,0,2,0,0,,True,,,0,0,0,0,0,0,0,0,{'npc_001': 8}
logs\sessions\20260916\030455,False,,A1,SUB,a398488,True,1,1,True,True,23.598,27.426,idle,3,8.85,1,0,0,4,0,0,0,1,craft_item;move_to_and_pickup,True,,,0,0,0,0,0,0,0,0,{'npc_001': 4}
logs\sessions\20260916\030531,False,,A2,ATOM,a398488,False,1,1,True,True,29.012,32.095,idle,5,12.846,1,0,3,8,0,1,0,0,,True,,,0,0,0,0,0,0,0,0,{'npc_001': 8}
logs\sessions\20260916\030615,False,,A2,SUB,a398488,True,1,1,True,True,24.417,28.911,idle,3,8.864,1,0,0,8,0,0,0,1,craft_item;move_to_and_pickup,True,,,0,0,0,0,0,0,0,0,{'npc_001': 8}
logs\sessions\20260916\030653,False,,A3,ATOM,a398488,False,1,1,True,True,40.927,45.479,idle,7,16.522,1,0,6,14,0,4,0,0,,True,,,0,0,0,0,0,0,0,0,{'npc_001': 14}
logs\sessions\20260916\030747,False,,A3,SUB,a398488,True,1,1,True,True,35.757,39.617,idle,5,12.157,1,0,0,11,1,2,0,3,craft_item;move_to_and_pickup,True,,action_failures,0,0,0,0,0,0,0,0,{'npc_001': 11}
logs\sessions\20260916\030837,False,,A4,ATOM,a398488,False,2,2,True,True,50.434,54.403,idle,11,28.332,2,0,4,8,0,3,0,0,,True,,,0,0,0,0,0,0,0,0,{'npc_001': 8}
logs\sessions\20260916\030939,False,,A4,SUB,a398488,True,2,2,True,True,46.543,50.132,idle,7,20.102,2,0,0,10,0,2,0,4,craft_item;move_to_and_pickup,True,,,0,0,0,0,0,0,0,0,{'npc_001': 10}
logs\sessions\20260916\031041,False,,A5,ATOM,a398488,False,1,0,False,False,,127.253,idle,25,56.507,4,3,22,54,6,10,0,0,,True,failed_after_replans:action_failed:InvalidArgs,failed_after_replans:action_failed:InvalidArgs;action_failures,0,0,0,0,0,0,0,0,{'npc_001': 54}
logs\sessions\20260916\031258,False,,A5,SUB,a398488,True,1,1,True,False,89.553,93.962,idle,9,22.471,2,1,0,34,4,3,0,4,craft_item;move_to_and_pickup,True,,action_failures,0,0,0,0,0,0,0,0,{'npc_001': 34}
logs\sessions\20260916\031440,False,,A1,SUB,a398488,True,1,1,True,True,22.843,27.377,idle,3,8.911,1,0,0,4,0,0,0,1,craft_item;move_to_and_pickup,True,,,0,0,0,0,0,0,0,0,{'npc_001': 4}
logs\sessions\20260916\031517,False,,A1,ATOM,a398488,False,1,1,True,True,27.406,31.91,idle,5,12.885,1,0,1,4,0,1,0,0,,True,,,0,0,0,0,0,0,0,0,{'npc_001': 4}
logs\sessions\20260916\031559,False,,A2,SUB,a398488,True,1,1,True,True,25.956,30.411,idle,3,8.836,1,0,0,8,0,0,0,1,craft_item;move_to_and_pickup,True,,,0,0,0,0,0,0,0,0,{'npc_001': 8}
logs\sessions\20260916\031637,False,,A2,ATOM,a398488,False,1,1,True,True,28.168,31.866,idle,5,12.838,1,0,3,8,0,1,0,0,,True,,,0,0,0,0,0,0,0,0,{'npc_001': 8}
logs\sessions\20260916\031721,False,,A3,SUB,a398488,True,1,1,True,True,36.761,39.912,idle,6,12.645,1,0,1,10,0,0,1,3,craft_item;move_to_and_pickup,True,,,0,0,0,0,0,0,0,0,{'npc_001': 10}
logs\sessions\20260916\031809,False,,A3,ATOM,a398488,False,1,1,True,False,82.588,86.662,idle,19,43.589,3,2,11,24,0,8,0,0,,True,,,0,0,0,0,0,0,0,0,{'npc_001': 24}
logs\sessions\20260916\031947,False,,A4,SUB,a398488,True,2,2,True,True,46.55,50.097,idle,7,20.126,2,0,0,10,0,2,0,4,craft_item;move_to_and_pickup,True,,,0,0,0,0,0,0,0,0,{'npc_001': 10}
logs\sessions\20260916\032046,False,,A4,ATOM,a398488,False,2,2,True,True,52.518,56.355,idle,11,27.908,2,0,4,10,0,3,0,0,,True,,,0,0,0,0,0,0,0,0,{'npc_001': 10}
logs\sessions\20260916\032154,False,,A5,SUB,a398488,True,1,1,True,False,88.766,92.288,idle,9,22.266,2,1,0,34,4,3,0,4,craft_item;move_to_and_pickup,True,,action_failures,0,0,0,0,0,0,0,0,{'npc_001': 34}
logs\sessions\20260916\032336,False,,A5,ATOM,a398488,False,1,1,True,False,101.002,104.447,idle,13,31.478,2,1,24,47,0,8,0,0,,True,,,0,0,0,0,0,0,0,0,{'npc_001': 47}
logs\sessions\20260916\032532,False,,A1,ATOM,a398488,False,1,1,True,True,23.628,27.418,idle,5,12.542,1,0,1,3,0,1,0,0,,True,,,0,0,0,0,0,0,0,0,{'npc_001': 3}
logs\sessions\20260916\032607,False,,A1,SUB,a398488,True,1,1,True,True,23.201,27.424,idle,3,8.973,1,0,0,4,0,0,0,1,craft_item;move_to_and_pickup,True,,,0,0,0,0,0,0,0,0,{'npc_001': 4}
logs\sessions\20260916\032643,False,,A2,ATOM,a398488,False,1,1,True,True,30.789,35.041,idle,5,12.989,1,0,3,8,0,1,0,0,,True,,,0,0,0,0,0,0,0,0,{'npc_001': 8}
logs\sessions\20260916\032730,False,,A2,SUB,a398488,True,1,1,True,True,24.413,28.887,idle,3,8.896,1,0,0,8,0,0,0,1,craft_item;move_to_and_pickup,True,,,0,0,0,0,0,0,0,0,{'npc_001': 8}
logs\sessions\20260916\032808,False,,A3,ATOM,a398488,False,1,1,True,False,75.323,78.747,idle,19,43.962,3,2,8,24,3,8,0,0,,True,,action_failures,0,0,0,0,0,0,0,0,{'npc_001': 24}
logs\sessions\20260916\032937,False,,A3,SUB,a398488,True,1,1,True,True,39.515,43.987,idle,6,12.571,1,0,1,10,0,0,1,3,craft_item;move_to_and_pickup,True,,,0,0,0,0,0,0,0,0,{'npc_001': 10}
logs\sessions\20260916\033031,False,,A4,ATOM,a398488,False,2,2,True,True,56.739,60.712,idle,11,28.219,2,0,4,10,0,4,0,0,,True,,,0,0,0,0,0,0,0,0,{'npc_001': 10}
logs\sessions\20260916\033142,False,,A4,SUB,a398488,True,2,2,True,True,43.322,46.985,idle,7,19.82,2,0,0,10,0,0,0,4,craft_item;move_to_and_pickup,True,,,0,0,0,0,0,0,0,0,{'npc_001': 10}
logs\sessions\20260916\033238,False,,A5,ATOM,a398488,False,1,1,True,True,82.962,86.338,idle,7,16.975,1,0,20,42,0,4,0,0,,True,,,0,0,0,0,0,0,0,0,{'npc_001': 42}
logs\sessions\20260916\033416,False,,A5,SUB,a398488,True,1,1,True,False,119.821,123.893,idle,9,22.277,2,1,0,190,4,3,0,4,craft_item;move_to_and_pickup,True,,action_failures,0,0,0,0,0,0,0,0,{'npc_001': 190}
logs\sessions\20260916\033630,False,,A1,SUB,a398488,True,1,1,True,True,23.423,27.36,idle,3,8.785,1,0,0,4,0,0,0,1,craft_item;move_to_and_pickup,True,,,0,0,0,0,0,0,0,0,{'npc_001': 4}
logs\sessions\20260916\033706,False,,A1,ATOM,a398488,False,1,1,True,True,26.195,30.551,idle,5,12.987,1,0,1,4,0,1,0,0,,True,,,0,0,0,0,0,0,0,0,{'npc_001': 4}
logs\sessions\20260916\033744,False,,A2,SUB,a398488,True,1,1,True,True,25.157,28.926,idle,3,8.948,1,0,0,8,0,0,0,1,craft_item;move_to_and_pickup,True,,,0,0,0,0,0,0,0,0,{'npc_001': 8}
logs\sessions\20260916\033823,False,,A2,ATOM,a398488,False,1,1,True,True,28.618,31.977,idle,5,12.937,1,0,3,8,0,1,0,0,,True,,,0,0,0,0,0,0,0,0,{'npc_001': 8}
logs\sessions\20260916\033906,False,,A3,SUB,a398488,True,1,1,True,True,36.125,39.642,idle,5,12.123,1,0,0,11,1,2,0,3,craft_item;move_to_and_pickup,True,,action_failures,0,0,0,0,0,0,0,0,{'npc_001': 11}
logs\sessions\20260916\033954,False,,A3,ATOM,a398488,False,1,1,True,False,73.693,77.604,idle,19,43.439,3,2,9,25,3,7,0,0,,True,,action_failures,0,0,0,0,0,0,0,0,{'npc_001': 25}
logs\sessions\20260916\034123,False,,A4,SUB,a398488,True,2,2,True,True,45.36,48.547,idle,7,20.124,2,0,0,10,0,1,0,5,craft_item;move_to_and_pickup,True,,,0,0,0,0,0,0,0,0,{'npc_001': 10}
logs\sessions\20260916\034219,False,,A4,ATOM,a398488,False,2,2,True,True,57.769,62.21,idle,11,28.176,2,0,4,10,0,4,0,0,,True,,,0,0,0,0,0,0,0,0,{'npc_001': 10}
logs\sessions\20260916\034333,False,,A5,SUB,a398488,True,1,1,True,False,93.783,96.87,idle,9,22.421,2,1,0,34,4,3,0,4,craft_item;move_to_and_pickup,True,,action_failures,0,0,0,0,0,0,0,0,{'npc_001': 34}
logs\sessions\20260916\034518,False,,A5,ATOM,a398488,False,1,1,True,False,131.422,134.793,idle,19,46.323,3,2,27,56,0,10,0,0,,True,,,0,0,0,0,0,0,0,0,{'npc_001': 56}
logs\sessions\20260916\034744,False,,A1,ATOM,a398488,False,1,0,False,False,,45.838,idle,17,31.446,4,3,13,13,0,6,0,0,,True,failed_after_replans:ladder_stuck,failed_after_replans:ladder_stuck,0,0,0,0,0,0,0,0,{'npc_001': 13}
logs\sessions\20260916\034838,False,,A1,SUB,a398488,True,1,1,True,True,22.566,25.834,idle,3,8.839,1,0,0,4,0,0,0,1,craft_item;move_to_and_pickup,True,,,0,0,0,0,0,0,0,0,{'npc_001': 4}
logs\sessions\20260916\034913,False,,A2,ATOM,a398488,False,1,1,True,True,27.583,32.028,idle,5,12.961,1,0,3,8,0,1,0,0,,True,,,0,0,0,0,0,0,0,0,{'npc_001': 8}
logs\sessions\20260916\034957,False,,A2,SUB,a398488,True,1,1,True,True,25.217,28.812,idle,3,8.874,1,0,0,8,0,0,0,1,craft_item;move_to_and_pickup,True,,,0,0,0,0,0,0,0,0,{'npc_001': 8}
logs\sessions\20260916\035036,False,,A3,ATOM,a398488,False,1,0,False,False,,87.994,idle,25,55.9,4,3,13,28,3,11,0,0,,True,failed_after_replans:ladder_stuck,failed_after_replans:ladder_stuck;action_failures,0,0,0,0,0,0,0,0,{'npc_001': 28}
logs\sessions\20260916\035213,False,,A3,SUB,a398488,True,1,1,True,True,40.325,44.12,idle,5,12.154,1,0,0,11,1,2,0,3,craft_item;move_to_and_pickup,True,,action_failures,0,0,0,0,0,0,0,0,{'npc_001': 11}
logs\sessions\20260916\035307,False,,A4,ATOM,a398488,False,2,2,True,True,51.954,56.185,idle,11,27.847,2,0,4,10,0,3,0,0,,True,,,0,0,0,0,0,0,0,0,{'npc_001': 10}
logs\sessions\20260916\035415,False,,A4,SUB,a398488,True,2,2,True,True,46.572,50.002,idle,7,19.909,2,0,0,10,0,1,0,5,craft_item;move_to_and_pickup,True,,,0,0,0,0,0,0,0,0,{'npc_001': 10}
logs\sessions\20260916\035514,False,,A5,ATOM,a398488,False,1,0,False,False,,123.088,idle,25,56.145,4,3,25,54,3,11,0,0,,True,failed_after_replans:ladder_stuck,failed_after_replans:ladder_stuck;action_failures,0,0,0,0,0,0,0,0,{'npc_001': 54}
logs\sessions\20260916\035728,False,,A5,SUB,a398488,True,1,1,True,False,89.781,93.82,idle,9,22.301,2,1,0,34,4,3,0,4,craft_item;move_to_and_pickup,True,,action_failures,0,0,0,0,0,0,0,0,{'npc_001': 34}
logs\sessions\20260916\035910,False,,A1,SUB,a398488,True,1,1,True,True,22.01,25.884,idle,3,8.887,1,0,0,4,0,0,0,1,craft_item;move_to_and_pickup,True,,,0,0,0,0,0,0,0,0,{'npc_001': 4}
logs\sessions\20260916\035948,False,,A1,ATOM,a398488,False,1,1,True,True,26.599,30.304,idle,5,12.992,1,0,1,4,0,1,0,0,,True,,,0,0,0,0,0,0,0,0,{'npc_001': 4}
logs\sessions\20260916\040026,False,,A2,SUB,a398488,True,1,1,True,True,24.365,28.88,idle,3,8.916,1,0,0,8,0,0,0,1,craft_item;move_to_and_pickup,True,,,0,0,0,0,0,0,0,0,{'npc_001': 8}
logs\sessions\20260916\040105,False,,A2,ATOM,a398488,False,1,1,True,True,25.598,28.823,idle,5,12.7,1,0,3,6,0,1,0,0,,True,,,0,0,0,0,0,0,0,0,{'npc_001': 6}
logs\sessions\20260916\040146,False,,A3,SUB,a398488,True,1,1,True,True,35.925,39.458,idle,5,11.996,1,0,0,11,1,2,0,3,craft_item;move_to_and_pickup,True,,action_failures,0,0,0,0,0,0,0,0,{'npc_001': 11}
logs\sessions\20260916\040233,False,,A3,ATOM,a398488,False,1,0,False,False,,87.96,idle,25,55.648,4,3,14,30,3,10,0,0,,True,failed_after_replans:ladder_stuck,failed_after_replans:ladder_stuck;action_failures,0,0,0,0,0,0,0,0,{'npc_001': 30}
logs\sessions\20260916\040411,False,,A4,SUB,a398488,True,2,2,True,True,47.578,51.482,idle,7,20.122,2,0,0,10,0,2,0,4,craft_item;move_to_and_pickup,True,,,0,0,0,0,0,0,0,0,{'npc_001': 10}
logs\sessions\20260916\040511,False,,A4,ATOM,a398488,False,2,2,True,True,53.739,57.604,idle,11,28.037,2,0,4,10,0,3,0,0,,True,,,0,0,0,0,0,0,0,0,{'npc_001': 10}
logs\sessions\20260916\040619,False,,A5,SUB,a398488,True,1,1,True,False,98.014,101.413,idle,9,22.293,2,1,0,80,4,3,0,4,craft_item;move_to_and_pickup,True,,action_failures,0,0,0,0,0,0,0,0,{'npc_001': 80}
logs\sessions\20260916\040809,False,,A5,ATOM,a398488,False,1,1,True,False,128.365,131.458,idle,19,46.093,3,2,27,56,0,11,0,0,,True,,,0,0,0,0,0,0,0,0,{'npc_001': 56}
logs\sessions\20260916\041032,False,,A1,ATOM,a398488,False,1,1,True,True,26.372,30.734,idle,5,12.793,1,0,1,4,0,1,0,0,,True,,,0,0,0,0,0,0,0,0,{'npc_001': 4}
logs\sessions\20260916\041111,False,,A1,SUB,a398488,True,1,1,True,True,23.145,27.341,idle,3,8.909,1,0,0,4,0,0,0,1,craft_item;move_to_and_pickup,True,,,0,0,0,0,0,0,0,0,{'npc_001': 4}
logs\sessions\20260916\041147,False,,A2,ATOM,a398488,False,1,1,True,True,30.613,34.914,idle,5,12.885,1,0,3,8,0,1,0,0,,True,,,0,0,0,0,0,0,0,0,{'npc_001': 8}
logs\sessions\20260916\041233,False,,A2,SUB,a398488,True,1,1,True,True,24.783,28.915,idle,3,8.885,1,0,0,8,0,0,0,1,craft_item;move_to_and_pickup,True,,,0,0,0,0,0,0,0,0,{'npc_001': 8}
logs\sessions\20260916\041312,False,,A3,ATOM,a398488,False,1,1,True,True,43.926,48.496,idle,7,16.521,1,0,6,14,0,4,0,0,,True,,,0,0,0,0,0,0,0,0,{'npc_001': 14}
logs\sessions\20260916\041409,False,,A3,SUB,a398488,True,1,1,True,True,38.359,42.68,idle,5,12.179,1,0,0,11,1,2,0,3,craft_item;move_to_and_pickup,True,,action_failures,0,0,0,0,0,0,0,0,{'npc_001': 11}
logs\sessions\20260916\041501,False,,A4,ATOM,a398488,False,2,2,True,True,55.159,59.103,idle,11,27.823,2,0,3,10,0,2,0,0,,True,,,0,0,0,0,0,0,0,0,{'npc_001': 10}
logs\sessions\20260916\041610,False,,A4,SUB,a398488,True,2,2,True,True,43.356,46.9,idle,7,19.949,2,0,0,10,0,2,0,4,craft_item;move_to_and_pickup,True,,,0,0,0,0,0,0,0,0,{'npc_001': 10}
logs\sessions\20260916\041709,False,,A5,ATOM,a398488,False,1,1,True,False,112.368,116.95,idle,19,41.01,3,2,23,51,3,12,0,0,,True,,action_failures,0,0,0,0,0,0,0,0,{'npc_001': 51}
logs\sessions\20260916\041917,False,,A5,SUB,a398488,True,1,1,True,False,90.0,93.85,idle,9,22.245,2,1,0,34,4,3,0,4,craft_item;move_to_and_pickup,True,,action_failures,0,0,0,0,0,0,0,0,{'npc_001': 34}
logs\sessions\20260916\042059,False,,A1,SUB,a398488,True,1,1,True,True,22.194,25.886,idle,3,8.821,1,0,0,4,0,0,0,1,craft_item;move_to_and_pickup,True,,,0,0,0,0,0,0,0,0,{'npc_001': 4}
logs\sessions\20260916\042136,False,,A1,ATOM,a398488,False,1,1,True,True,27.572,31.832,idle,5,13.007,1,0,1,4,0,1,0,0,,True,,,0,0,0,0,0,0,0,0,{'npc_001': 4}
logs\sessions\20260916\042218,False,,A2,SUB,a398488,True,1,1,True,True,23.551,27.423,idle,3,8.92,1,0,0,8,0,0,0,1,craft_item;move_to_and_pickup,True,,,0,0,0,0,0,0,0,0,{'npc_001': 8}
logs\sessions\20260916\042254,False,,A2,ATOM,a398488,False,1,1,True,True,28.974,33.434,idle,5,12.876,1,0,3,8,0,1,0,0,,True,,,0,0,0,0,0,0,0,0,{'npc_001': 8}
logs\sessions\20260916\042337,False,,A3,SUB,a398488,True,1,1,True,True,39.332,42.572,idle,5,12.201,1,0,0,11,1,2,0,3,craft_item;move_to_and_pickup,True,,action_failures,0,0,0,0,0,0,0,0,{'npc_001': 11}
logs\sessions\20260916\042428,False,,A3,ATOM,a398488,False,1,0,False,False,,87.929,idle,25,55.688,4,3,13,32,3,9,0,0,,True,failed_after_replans:ladder_stuck,failed_after_replans:ladder_stuck;action_failures,0,0,0,0,0,0,0,0,{'npc_001': 32}
logs\sessions\20260916\042605,False,,A4,SUB,a398488,True,2,2,True,True,46.929,50.071,idle,7,19.96,2,0,0,10,0,2,0,4,craft_item;move_to_and_pickup,True,,,0,0,0,0,0,0,0,0,{'npc_001': 10}
logs\sessions\20260916\042705,False,,A4,ATOM,a398488,False,2,2,True,True,53.946,57.845,idle,11,28.377,2,0,3,10,0,4,0,0,,True,,,0,0,0,0,0,0,0,0,{'npc_001': 10}
logs\sessions\20260916\042813,False,,A5,SUB,a398488,True,1,1,True,False,92.005,95.336,idle,9,22.396,2,1,0,34,4,3,0,4,craft_item;move_to_and_pickup,True,,action_failures,0,0,0,0,0,0,0,0,{'npc_001': 34}
logs\sessions\20260916\042958,False,,A5,ATOM,a398488,False,1,1,True,False,119.629,123.927,idle,19,45.552,3,2,25,46,0,9,0,0,,True,,,0,0,0,0,0,0,0,0,{'npc_001': 46}
logs\sessions\20260916\043212,False,,A1,ATOM,a398488,False,1,1,True,True,27.201,30.36,idle,5,12.841,1,0,1,4,0,1,0,0,,True,,,0,0,0,0,0,0,0,0,{'npc_001': 4}
logs\sessions\20260916\043250,False,,A1,SUB,a398488,True,1,1,True,True,23.795,27.335,idle,3,8.947,1,0,0,4,0,0,0,1,craft_item;move_to_and_pickup,True,,,0,0,0,0,0,0,0,0,{'npc_001': 4}
logs\sessions\20260916\043326,False,,A2,ATOM,a398488,False,1,1,True,True,30.005,33.483,idle,5,12.901,1,0,3,8,0,1,0,0,,True,,,0,0,0,0,0,0,0,0,{'npc_001': 8}
logs\sessions\20260916\043409,False,,A2,SUB,a398488,True,1,1,True,True,22.763,27.334,idle,3,8.842,1,0,0,8,0,0,0,1,craft_item;move_to_and_pickup,True,,,0,0,0,0,0,0,0,0,{'npc_001': 8}
logs\sessions\20260916\043445,False,,A3,ATOM,a398488,False,1,0,False,False,,86.169,idle,25,56.326,4,3,17,34,0,11,0,0,,True,failed_after_replans:ladder_stuck,failed_after_replans:ladder_stuck,0,0,0,0,0,0,0,0,{'npc_001': 34}
logs\sessions\20260916\043623,False,,A3,SUB,a398488,True,1,1,True,True,38.939,42.786,idle,5,12.175,1,0,0,11,1,2,0,3,craft_item;move_to_and_pickup,True,,action_failures,0,0,0,0,0,0,0,0,{'npc_001': 11}
logs\sessions\20260916\043713,False,,A4,ATOM,a398488,False,2,2,True,True,52.522,56.003,idle,11,28.357,2,0,3,10,0,4,0,0,,True,,,0,0,0,0,0,0,0,0,{'npc_001': 10}
logs\sessions\20260916\043821,False,,A4,SUB,a398488,True,2,2,True,True,46.527,50.005,idle,7,19.604,2,0,0,10,0,0,0,4,craft_item;move_to_and_pickup,True,,,0,0,0,0,0,0,0,0,{'npc_001': 10}
logs\sessions\20260916\043921,False,,A5,ATOM,a398488,False,1,0,False,False,,88.212,idle,25,57.2,4,3,13,32,3,12,0,0,,True,failed_after_replans:ladder_stuck,failed_after_replans:ladder_stuck;action_failures,0,0,0,0,0,0,0,0,{'npc_001': 32}
logs\sessions\20260916\044058,False,,A5,SUB,a398488,True,1,1,True,False,87.794,91.153,idle,9,22.451,2,1,0,34,4,3,0,4,craft_item;move_to_and_pickup,True,,action_failures,0,0,0,0,0,0,0,0,{'npc_001': 34}
logs\sessions\20260916\044237,False,,A1,SUB,a398488,True,1,1,True,True,22.94,27.426,idle,3,8.885,1,0,0,4,0,0,0,1,craft_item;move_to_and_pickup,True,,,0,0,0,0,0,0,0,0,{'npc_001': 4}
logs\sessions\20260916\044315,False,,A1,ATOM,a398488,False,1,1,True,False,33.174,36.737,idle,9,19.047,2,1,5,8,0,2,0,0,,True,,,0,0,0,0,0,0,0,0,{'npc_001': 8}
logs\sessions\20260916\044400,False,,A2,SUB,a398488,True,1,1,True,True,23.457,27.356,idle,3,8.831,1,0,0,8,0,0,0,1,craft_item;move_to_and_pickup,True,,,0,0,0,0,0,0,0,0,{'npc_001': 8}
logs\sessions\20260916\044435,False,,A2,ATOM,a398488,False,1,1,True,True,29.758,33.363,idle,5,12.859,1,0,3,8,0,1,0,0,,True,,,0,0,0,0,0,0,0,0,{'npc_001': 8}
logs\sessions\20260916\044519,False,,A3,SUB,a398488,True,1,1,True,True,37.921,41.024,idle,5,12.039,1,0,0,11,1,2,0,3,craft_item;move_to_and_pickup,True,,action_failures,0,0,0,0,0,0,0,0,{'npc_001': 11}
logs\sessions\20260916\044610,False,,A3,ATOM,a398488,False,1,1,True,True,42.523,45.624,idle,7,16.229,1,0,7,14,0,3,0,0,,True,,,0,0,0,0,0,0,0,0,{'npc_001': 14}
logs\sessions\20260916\044703,False,,A4,SUB,a398488,True,2,2,True,True,45.109,48.563,idle,7,20.202,2,0,0,10,0,1,0,5,craft_item;move_to_and_pickup,True,,,0,0,0,0,0,0,0,0,{'npc_001': 10}
logs\sessions\20260916\044802,False,,A4,ATOM,a398488,False,2,2,True,True,52.573,56.005,idle,11,27.99,2,0,4,10,0,3,0,0,,True,,,0,0,0,0,0,0,0,0,{'npc_001': 10}
logs\sessions\20260916\044908,False,,A5,SUB,a398488,True,1,1,True,False,88.346,92.489,idle,9,22.469,2,1,0,50,4,3,0,4,craft_item;move_to_and_pickup,True,,action_failures,0,0,0,0,0,0,0,0,{'npc_001': 50}
logs\sessions\20260916\045052,False,,A5,ATOM,a398488,False,1,1,True,False,124.155,127.305,idle,25,51.215,4,3,29,55,2,10,0,0,,True,,action_failures,0,0,0,0,0,0,0,0,{'npc_001': 55}
logs\sessions\20260916\045308,False,,A1,ATOM,a398488,False,1,1,True,True,26.153,30.446,idle,5,12.933,1,0,1,4,0,1,0,0,,True,,,0,0,0,0,0,0,0,0,{'npc_001': 4}
logs\sessions\20260916\045347,False,,A1,SUB,a398488,True,1,1,True,True,22.58,25.847,idle,3,9.016,1,0,0,4,0,0,0,1,craft_item;move_to_and_pickup,True,,,0,0,0,0,0,0,0,0,{'npc_001': 4}
logs\sessions\20260916\045423,False,,A2,ATOM,a398488,False,1,1,True,True,28.196,32.036,idle,5,13.057,1,0,3,8,0,1,0,0,,True,,,0,0,0,0,0,0,0,0,{'npc_001': 8}
logs\sessions\20260916\045506,False,,A2,SUB,a398488,True,1,1,True,True,25.785,28.867,idle,3,8.828,1,0,0,8,0,0,0,1,craft_item;move_to_and_pickup,True,,,0,0,0,0,0,0,0,0,{'npc_001': 8}
logs\sessions\20260916\045545,False,,A3,ATOM,a398488,False,1,1,True,True,40.935,44.061,idle,7,16.41,1,0,6,14,0,4,0,0,,True,,,0,0,0,0,0,0,0,0,{'npc_001': 14}
logs\sessions\20260916\045639,False,,A3,SUB,a398488,True,1,1,True,True,37.741,41.128,idle,5,12.085,1,0,0,11,1,2,0,3,craft_item;move_to_and_pickup,True,,action_failures,0,0,0,0,0,0,0,0,{'npc_001': 11}
logs\sessions\20260916\045731,False,,A4,ATOM,a398488,False,2,2,True,True,53.163,57.639,idle,11,28.171,2,0,3,10,0,4,0,0,,True,,,0,0,0,0,0,0,0,0,{'npc_001': 10}
logs\sessions\20260916\045837,False,,A4,SUB,a398488,True,2,2,True,True,45.743,50.068,idle,7,20.121,2,0,0,10,0,1,0,5,craft_item;move_to_and_pickup,True,,,0,0,0,0,0,0,0,0,{'npc_001': 10}
logs\sessions\20260916\045939,False,,A5,ATOM,a398488,False,1,0,False,False,,95.657,idle,25,58.458,4,3,13,33,4,9,0,0,,True,failed_after_replans:ladder_stuck,failed_after_replans:ladder_stuck;action_failures,0,0,0,0,0,0,0,0,{'npc_001': 33}
logs\sessions\20260916\050124,False,,A5,SUB,a398488,True,1,1,True,False,89.154,92.264,idle,9,22.404,2,1,0,34,4,3,0,4,craft_item;move_to_and_pickup,True,,action_failures,0,0,0,0,0,0,0,0,{'npc_001': 34}
